ID,Name,Type,State,Origin,Retail Price,Paid Price,Date ordered,Order number,Date received,Date paid,Returnable,Status,Paid,Paymethod,Selling price,Date sold,PC build,Note
1,Dutzo C520 TG RGB,Case,Ny,ProShop,699,699,16.12.2020,,,,31.01.2021*/03.31.2021,Sold,Paid,Faktura,770,,PC build,
2,Dutzo C520 TG RGB,Case,Ny,ProShop,699,699,16.12.2020,,,,31.01.2021*/03.31.2021,Sold,Paid,Faktura,770,,Rune_12,
3,Dutzo RGB Strip 30 cm,Tilbehør,Ny,ProShop,99,99,16.12.2020,,,,31.01.2021*/03.31.2021,In,Paid,Faktura,,,,
4,Thermaltake smart RGB 700W PSU,PSU,Ny,ProShop,746,746,16.12.2020,,,,31.01.2021*/03.31.2021,Sold,Paid,Faktura,770,,PC build,
5,Thermaltake smart RGB 700W PSU,PSU,Ny,ProShop,746,746,16.12.2020,,,,31.01.2021*/03.31.2021,Sold,Paid,Faktura,900,,Halvor,
6,Dutzo støttebrakett,Tilbehør,Ny,ProShop,179,179,16.12.2020,,,,31.01.2021*/03.31.2021,In,Paid,Faktura,,,,
7,Dutzo støttebrakett,Tilbehør,Ny,ProShop,179,179,16.12.2020,,,,31.01.2021*/03.31.2021,In,Paid,Faktura,,,,
8,Dutzo Premium RGB Strip 30 cm,Tilbehør,Ny,ProShop,149,149,16.12.2020,,,,31.01.2021*/03.31.2021,Sold,Paid,Faktura,150,,PC build,
9,Dutzo Premium RGB Strip 30 cm,Tilbehør,Ny,ProShop,149,149,16.12.2020,,,,31.01.2021*/03.31.2021,Sold,Paid,Faktura,150,,PC build,
10,Dutzo Adressable RGB splitter cable 123,Tilbehør,Ny,ProShop,79,79,16.12.2020,,,,31.01.2021*/03.31.2021,Sold,Paid,Faktura,100,,PC build,
11,Dutzo Adressable RGB splitter cable 123,Tilbehør,Ny,ProShop,79,79,16.12.2020,,,,31.01.2021*/03.31.2021,In,Paid,Faktura,,,,
12,MSI GeForce RTX 3060 Ti GAMING X TRIO ,GPU,Ny,ProShop,5799,5799,08.12.2020,,,,22.12.2020,In,Paid,Faktura,,,,
13,Fractal Design Flex VRC-25 PCI-E Riser cable,Tilbehør,Ny,ProShop,444,444,26.10.2020,,,,No,In,Paid,Faktura,,,,
14,Noctua NF-A12X15 PWM Chromax.black.swap,Fan,Ny,ProShop,229,229,26.10.2020,,,,No,In,Paid,Faktura,,,,
15,Noctua NF-A12X15 PWM Chromax.black.swap,Fan,Ny,ProShop,229,229,26.10.2020,,,,No,In,Paid,Faktura,,,,
16,Noctua NF-A15 HS-PWM Chromax.black.swap,Fan,Ny,ProShop,229,229,14.10.2020,,,,No,In,Paid,Faktura,,,,
17,Corsair Hydro H100i RGB Pro XT CPU cooler,AIO,Ny,ProShop,1299,1299,14.10.2020,,,,No,In,Paid,Faktura,,,,
18,Noctua NF-A15 HS-PWM Chromax.black.swap,Fan,Ny,ProShop,229,229,14.10.2020,,,,No,In,,,,,,
19,Kingston A2000 SSD 1000GB,m.2 SSD,Ny,NetOnNet,1099,1099,14.12.2020,15427868,,,Yes*,In,Paid,Faktura,,,,
20,Kingston A2000 SSD 1000GB,m.2 SSD,Ny,NetOnNet,1099,1099,14.12.2020,15427868,,,No,Sold,Paid,Faktura,1100,,PC build,
21,Seagate Barracuda 1TB ,HDD,Ny,NetOnNet,499,499,09.12.2020,15413285,,,23.12.2020,Sold,Paid,Vipps,550,,PC build,
22,Seagate Barracuda 1TB ,HDD,Ny,NetOnNet,499,499,09.12.2020,15413285,,,23.12.2020,Sold,Paid,Vipps,550,,PC build,
23,Kingston SSD A400 240GB,SSD,Ny ,NetOnNet,349,349,30.11.2020,15385222,,,No,Sold,Paid,Faktura,385,,PC build,
24,Kingston SSD A400 240GB,SSD,Ny ,NetOnNet,349,349,30.11.2020,15385222,,,No,Sold,Paid,Faktura,385,,PC build,
25,Kingston SSD A400 240GB,SSD,Ny ,NetOnNet,349,349,24.11.2020,15345274,,,No,Sold,Paid,Faktura,385,,PC build,
26,Kingston SSD A400 240GB,SSD,Ny ,NetOnNet,349,349,24.11.2020,15345274,,,No,Sold,Paid,Faktura,0,,Alexander,
27,Kingston SSD A400 240GB,SSD,Ny ,NetOnNet,349,349,24.11.2020,15345274,,,No,In,Paid,Faktura,,23-01-2021,Daniel Christensson,
28,Cooler Master Hyper 212 Evo,CPU Cooler,Ny ,NetOnNet,390,390,24.11.2020,15345274,,,No,In,Paid,Faktura,,23-01-2021,Daniel Christensson,
29,Gainward GeForce RTX 3060Ti Phoenix GS,GPU,Ny,Komplett,5790,5790,03.12.2020,38604761,,,17.12.2020,Sold,,Faktura,6600,,PC build,
30,AMD Ryzen 7 3800X CPU ,CPU ,Ny,Komplett,3499,3499,01.12.2020,38581467,,,Yes,Returned,,Faktura,,,,
31,Cooler Master Hyper 212 ARGB Black ,CPU Cooler,Ny,Komplett,529,529,27.11.2020,,,,,Not sent  ,Paid,Visa,,,,
32,Svive Halo S650 + Vertical Bracket + Cable ,Tilbehør,Ny,Komplett,1249,800,27.11.2020,,,,,Not sent  ,Paid,Visa,,,,
33,Cooler Master MWE Bronze V2 750W ,PSU,Ny,Komplett,1019,600,27.11.2020,,,,,Not sent  ,Paid,Visa,,,,
34,Trust GXT 838 Azor Gaming Combo ,Keyboard+Mouse,Ny,Komplett,350,250,27.11.2020,,,,,Not sent  ,Paid,Visa,,,,
35,ASUS ROG Sheath Gaming Musematte ,Musematte,Ny,Komplett,429,200,27.11.2020,,,,,Not sent  ,Paid,Visa,,,,
36,TP-Link UB400 Bluetooth 4.0 Adapter Nano ,Bluetooth,Ny,Komplett,149,149,27.11.2020,,,,,Not sent  ,Paid,Visa,,,,
37,Fractal Design Focus G Rød Mid Tower ,Case,Ny,Komplett,669,669,27.11.2020,,,,,Not sent  ,Paid,Visa,,,,
38,Cooler Master MWE Bronze V2 750W ,PSU,Ny,Komplett,1019,600,27.11.2020,,,,,Not sent  ,Paid,Visa,,,,
39,TP-Link UB400 Bluetooth 4.0 Adapter Nano ,Bluetooth,Ny,Komplett,149,149,27.11.2020,,,,,Not sent  ,Paid,Visa,,,,
40,TP-Link UB400 Bluetooth 4.0 Adapter Nano ,Bluetooth,Ny,Komplett,149,149,27.11.2020,,,,,Not sent  ,Paid,Visa,,,,
41,ASUS ROG Sheath Gaming Musematte ,Musematte,Ny,Komplett,429,200,27.11.2020,,,,,Not sent  ,Paid,Visa,,,,
42,ASUS ROG Sheath Gaming Musematte ,Musematte,Ny,Komplett,429,200,27.11.2020,,,,,Not sent  ,Paid,Visa,,,,
43,Trust GXT 838 Azor Gaming Combo ,Keyboard+Mouse,Ny,Komplett,350,250,27.11.2020,,,,,Not sent  ,Paid,Visa,,,,
44,Trust GXT 838 Azor Gaming Combo ,Keyboard+Mouse,Ny,Komplett,350,250,27.11.2020,,,,,Not sent  ,Paid,Visa,,,,
45,Phanteks Eclipse P300A Air Temp Glass Black,Case,Ny,Komplett,699,699,2.12.2020,38589673,,,,Sold,,Faktura,770,,PC build,
46,Fractal Design Focus G Sort Mid Tower ,Case,Ny,Komplett,599,599,2.12.2020,38589673,,,,In,,Faktura,,23-01-2021,Daniel Christensson,
47,MSI GeForce RTX 3060 Ti GAMING X TRIO ,GPU,Ny,Komplett,5590,5590,2.12.2020,38597889,,,,Sold,Paid,Faktura,6200,,PC build,
48,Phanteks Combo RGB Strips ,Tilbehør,Ny,Komplett,256,256,13.12.2020,38696140,,,,In,,Faktura,,,,
49,Trust GXT 838 Azor Gaming Combo ,Keyboard+Mouse,Ny,Komplett,350,250,15.12.2020,38718430,,,,Sold,,Faktura,0,,Alexander,
50,Svive Halo S650 + Vertical Bracket + Cable ,Case,Ny,Komplett,1250,800,15.12.2020,38718430,,,,Sold,,Faktura,1250,,PC build,
51,Svive Styx RGB Gaming Musematte XXL,Musematte,Ny,Komplett,399,171,15.12.2020,38718430,,,,Sold,,Faktura,400,,PC build,
52,"ASUS ROG Strix B450-F GAMING, Socket-AM4 ",Motherboard,Ny,Komplett,1390,1049,28.12.2020,38805653,,,,Sold,,Faktura,1250,,Halvor,
53,"ASUS ROG Strix B450-F GAMING, Socket-AM4 ",Motherboard,Ny,Komplett,1390,1049,28.12.2020,38805606,,,,In,,Faktura,,,,
54,Svive Styx RGB Gaming Musematte XXL ,Musematte,Ny,Komplett,399,171,15.12.2020,38718430,,,,Sold,,Faktura,400,,PC build,
55,Svive Styx RGB Gaming Musematte XXL ,Musematte,Ny,Komplett,399,171,15.12.2020,38718430,,,,Sold,,Faktura,300,,PC build,
56,Svive Halo S650 + Vertical Bracket + Cable ,Tilbehør,Ny,Komplett,1250,800,15.12.2020,38718430,,,,Sold,,Faktura,1250,,PC build,
57,Trust GXT 838 Azor Gaming Combo ,Keyboard+Mouse,Ny,Komplett,350,250,15.12.2020,38718430,,,,Sold,,Faktura,200,,Halvor,
58,Trust GXT 838 Azor Gaming Combo ,Keyboard+Mouse,Ny,Komplett,350,250,15.12.2020,38718430,,,,Sold,,Faktura,250,,Rune_12,
59,Komplett Gaming Musematte XXL ,Musematte,Ny,Komplett,299,299,28.12.2020,38805653,,,,In,,Faktura,,,,
60,ASUS ROG Strix B550-I GAMING ,Motherboard,Ny,Komplett,2399,1799,29.12.2020,38808939,,,,In,,Faktura,,,,
61,ASUS ROG Strix B550-F GAMING hovedkort ,Motherboard,Ny,Komplett,2186,1699,29.12.2020,38813629,,,,Sold,,Faktura,1699,,Kim ,
62,Seasonic Focus PX 850 Strømforsyning (PSU) - 850 W,PSU,Ny,Proshop,1644,1644,20.12.2020,,,,,Sold,,Faktura,1644,,Kim ,
63,Corsair LL120 RGB Dual Light - Kabinettvifte - 120,Fan,Ny,Proshop,369,369,20.12.2020,,,,,In,,Faktura,,,,
64,WD Blue SN550 NVMe SSD - 1TB,m.2 SSD,Ny,Proshop,999,999,29.12.2020,47954880,,,,In,Not paid,Faktura,,,,
65,WD Blue SN550 NVMe SSD - 1TB,m.2 SSD,Ny,Proshop,999,999,29.12.2020,47954880,,,,In,Not paid,Faktura,,,,
66,DUTZO Sleeved Power Extension Cable Kit - Black,Tilbehør,Ny,Proshop,279,279,28.12.2020,,,,,In,Not paid,Faktura,,,,
67,DUTZO Sleeved Power Extension Cable Kit - Red,Tilbehør,Ny,Proshop,279,279,28.12.2020,,,,,In,Not paid,Faktura,,,,
68,DUTZO KURA 140 ARGB - Kabinettvifte - 140 mm - 29,Fan,Ny,Proshop,159,159,28.12.2020,,,,,In,Not paid,Faktura,,,,
69,DUTZO KURA 140 ARGB - Kabinettvifte - 140 mm - 29,Fan,Ny,Proshop,159,159,28.12.2020,,,,,In,Not paid,Faktura,,,,
70,DUTZO KURA 120 ARGB - Kabinettvifte - 120 mm - 24,Fan,Ny,Proshop,129,129,28.12.2020,,,,,In,Not paid,Faktura,,,,
71,DUTZO KURA 120 ARGB - Kabinettvifte - 120 mm - 24,Fan,Ny,Proshop,129,129,28.12.2020,,,,,In,Not paid,Faktura,,,,
72,DUTZO Premium Adressable RGB Strip 30cm with contr,Tilbehør,Ny,Proshop,229,229,28.12.2020,,,,,In,Not paid,Faktura,,,,
73,DUTZO Keiryo Black + Fushi Mousepad Edged - XXXL -,Tilbehør,Ny,Proshop,839,439,28.12.2020,,,,,Sold,Not paid,Faktura,400,13.01.2021,Thomas,
74,DUTZO Senshi RGB + Fushi Edged Mousepad - XXXL - G,Tilbehør,Ny,Proshop,709,319,28.12.2020,,,,,Sold,Not paid,Faktura,0,,Individual piece,Me
75,MSI GeForce RTX 3060 Ti GAMING X TRIO - 8GB GDDR6,GPU,Ny,Proshop,5867,5867,15.12.2020,,,,,Sold,Paid,Faktura,6400,,,
76,Fractal SFX (PSU) 500G,PSU,Used,Håkon Thuland,1200,900,15.12.2022,,,,,In,Paid,Vipps,,,,
77,Asus RTX 2080 Dual OC,GPU,Used,Ole Christian Dalseth,5000,4000,22.11.2020,,,,,Sold,Paid,Vipps,5000,,Individual piece,Tore Rørnes
78,"i7-3770k, Intel LGA1155, DDR3 1600Mhz 16GB",Package,Used,Fredrik Røstad,1500,1250,23.11.2020,,,,,Sold,Paid,Vipps,1650,,Rune_12,
79,AMD Ryzen 9 3900x CPU,CPU,Used,Ole Christian Dalseth,5000,3500,24.11.2020,,,,,Sold,Paid,Vipps,3650,,Individual piece,Øystein Kristiansen
80,Asus RTX 3070 Dual OC,GPU,New,,6700,6700,24.11.2020,,,,,Sold,Paid,Vipps,7250,,Individual piece,McDonald Lisland
81,Asus Geforce GTX 1650 Dual,GPU,Used,Trond Haugerud,1870,1140,25.11.2020,,,,,In,Paid,Vipps,,,,
82,GTX 1070 ROG Strix,GPU,Used,Ivan Pedersen,,2650,02.12.2020,,,,,Sold,Paid,Vipps,2915,,Halvor,
83,AIO Corsair H100i,AIO (CPU Watercooler),Used,Kaj ,,500,30.11.2020,,,,,Sold,Paid,Vipps,900,,PC build,
84,DDR3 16 GB,RAM,Used,Kaj ,,500,30.11.2020,,,,,Sold,Paid,Vipps,700,21.012021,Svenske Daniel,
85,Cooler Master Hyper 212,CPU Cooler,Used,Kaj ,,300,30.11.2020,,,,,Sold,Paid,Vipps,350,,PC build,
86,Asus Maximus VII Impact | i7 4790k | 16GB HyperX 2400mhz,Package,Used,Christoffer,3000,3000,02.12.2020,,,,,Sold,Paid,Vipps,3300,,PC build,
87,Nzxt kraken x63 vannkjøler,AIO (CPU Watercooler),Used,Eivind,,1200,21.12.2020,,,,,In,Paid,Vipps,,,,
88,Ryzen 3700x,CPU,Used,Danielchris95,,2400,30.12.2020,,,,,In,Paid,Vipps,,,,
89,Kingston HyperX Savage SSD 480GB,SSD,Used,Rune,,850,12.12.2020,,,,,Sold,Paid,Vipps,850,,Individual piece,One piece sold to Ed Geinn
90,Corsair Hydro Series H80 CPU vannkjøler,AIO (CPU Watercooler),Used,Yngve Dalland,,400,12.12.2020,,,,,In,Paid,Vipps,,,,
91,Corsair h100i pro,AIO (CPU Watercooler),Used,Mathias,,839,29.12.2020,,,,,In,Paid,Vipps,,,,
92,"Hovedkort, i7-4790k, ASUS Maximus vii 0",Package,Used,Magnus Syrstad,,2000,14.12.2020,,,,,In,Paid,Vipps,,,,
93,Cooler Master AIO 1x120mm,AIO (CPU Watercooler),Used,Magnus Syrstad,,370,14.12.2020,,,,,Sold,Paid,Vipps,660,,Rune_12,
94,Corsair hydro H115i Pro CPU kjøler,AIO (CPU Watercooler),Used,Robert Fjellanger,,600,28.12.2020,,,,,Sold,Paid,Vipps,1300,,Thomas,
95,"Hovedkort, i7-4790k, ASUS Maximus vii 0",Package,Used,Henrik Borge,,2650,22.12.2020,,,,,In,Paid,Vipps,,,,
96,"7 4790k , Asus z97-Deluxe , HyperX 16gb DDR3 , Cooler Master 212 Evo",Package,Used,Anders Røsrud,,2150,13.12.2020,,,,,Sold,Paid,Vipps,3685,,PC build,
97,Asus PCE AC68 Nettverkskort,WiFi Adapter,Used,Henrik Borge,,350,28.12.2020,,,,,Sold,Paid,Vipps,400,,Halvor,
98,"Corsair TX650M, 650W PSU",PSU,Used,Kenneth Lyne,,650,17.12.2020,,,,,Sold,Paid,Vipps,715,,PC build,
99,AMD Ryzen 3 3200G,CPU,Used,Morten Osvoll,,550,18.12.2020,,,,,In,Paid,Vipps,,,,
100,Cooler Master MWE GOLD 650W FULL MODULAR,PSU,Used,Valentinas,,750,14.12.2020,,,,,In,Paid,Vipps,,,,
101,GTX 1070 Gigabyte G1,GPU,Used,Stefan Hallgrimsson,,1900,15.12.2020,,,,,Sold,Paid,Vipps,2365,,Rune_12,
102,Razer mamba trådløs gamingmus (16 000 DPI),Mouse,Used,Imran,,400,20.12.2020,,,,,In,Paid,Vipps,,,,
103,"Intel I7-4790K, Asus ROG Maximus VII Hero & 16gb Corsair DDR3",Package,Used,Chrook,,2300,18.12.2020,,,,,Sold,Paid,Vipps,2300,,PC build,
104,"Intel i7-3770, Asus MB, 16GB ram, Noctua cooler",Package,Used,Baykonur,,1050,18.12.2020,,,,,In,Paid,Vipps,,,,
105,Kingston SSD A400 240GB,SSD,Ny ,NetOnNet,349,349,29.12.2020,15454658,,,,In,Not paid,Faktura,,,,
106,Kingston SSD A400 240GB,SSD,Ny ,NetOnNet,349,349,29.12.2020,15454658,,,,In,Not paid,Faktura,,,,
107,2TB Seagate Barracuda ST2000DM008 - Harddisk,HDD,Ny ,Multicom,630,630,30.12.2020,7385879,,,,Sold,Not paid,Faktura,,23-01-2021,Daniel Christensson,
108,2TB Seagate Barracuda ST2000DM008 - Harddisk,HDD,Ny ,Multicom,630,630,30.12.2020,7385879,,,,In,Not paid,Faktura,,,,
109,2TB Seagate Barracuda ST2000DM008 - Harddisk,HDD,Ny ,Multicom,630,630,30.12.2020,7385879,,,,In,Not paid,Faktura,,,,
110,Gigabyte AORUS GeForce RTX 3060 Ti MASTER 8G - grafikkort - GF RTX 3060 Ti - 8 GB,GPU,Ny ,Multicom,6225,6225,21.12.2020,7382610,,,,Ordered,Not paid,Faktura,,,,approx 6.1.2021
111,Gigabyte GeForce RTX 3060 Ti GAMING OC PRO 8G - grafikkort - GF RTX 3060 Ti - 8 GB,GPU,Ny ,Multicom,5889,5889,21.12.2020,7382608,,,,Ordered,Not paid,Faktura,,,,approx 6.1.2021
112,EDIMAX EW-7612PIn V2 - nettverksadapter - PCIe,WiFi Adapter,Ny ,Multicom,250,250,23.12.2020,7383166,,,,In,Not paid,Faktura,,,,approx 6.1.2021
113,EDIMAX EW-7612PIn V2 - nettverksadapter - PCIe,WiFi Adapter,Ny ,Multicom,250,250,23.12.2020,7383166,,,,In,Not paid,Faktura,,,,approx 6.1.2021
114,EDIMAX EW-7612PIn V2 - nettverksadapter - PCIe,WiFi Adapter,Ny ,Multicom,250,250,23.12.2020,7383166,,,,In,Not paid,Faktura,,,,approx 6.1.2021
115,Kolink Observatory RGB Svart,Case,Ny ,Dustin Home,900,900,29.12.2020,401096085,,13.01.2021,,Sold,Paid,Faktura,990,,Halvor,
116,TP-Link TX3000E WiFi 6 PCIe adapter,WiFi Adapter + Blutooth,Ny ,Elkjøp,500,500,29.12.2020,150904974,,,,In,Not paid,Faktura,,,,
117,TP-Link TX3000E WiFi 6 PCIe adapter,WiFi Adapter + Blutooth,Ny ,Kjell og Co,680,680,29.12.2020,,,,,Sold,Not paid,Faktura,680,,Kim ,
118,AMD Ryzen 5 2600,CPU,Brukt,Halvor,,1000,01.01.2021,,,,,Sold,Paid,Vipps,1500,,Halvor,
119,Svive Halo S650 + Vertical Bracket + Cable ,Case,Ny,Komplett,1250,879,02.01.2021,38830263,05.01.2021,,,In,Not paid,Faktura,,,,
120,ASUS ROG Strix B550-F GAMING hovedkort ,Motherboard,Ny,Komplett,2186,1699,02.01.2021,38830263,05.01.2021,,,Sold,Not paid,Faktura,1950,13.01.2021,Thomas,
121,Cooler Master Hyper 212 ARGB Black ,CPU Cooler,Ny,Komplett,529,399,02.01.2021,38830263,05.01.2021,,,In,Not paid,Faktura,,,,
122,"ASUS ROG Strix B450-F GAMING, Socket-AM4 ",Motherboard,Ny,Komplett,1390,1049,02.01.2021,38830263,05.01.2021,,,In,Not paid,Faktura,,,,
123,Svive Halo S650 + Vertical Bracket + Cable ,Case,Ny,Komplett,1250,879,02.01.2021,38830294,05.01.2021,,,In,Not paid,Faktura,,,,
124,ASUS ROG Strix B550-F GAMING hovedkort ,Motherboard,Ny,Komplett,2186,1699,02.01.2021,38830294,05.01.2021,,,In,Not paid,Faktura,,,,
125,"ASUS ROG Strix B450-F GAMING, Socket-AM4 ",Motherboard,Ny,Komplett,1390,1049,02.01.2021,38830294,05.01.2021,,,In,Not paid,Faktura,,,,
126,ASUS GeForce RTX 3080 TUF GAMING 10GB,GPU,Ny,DustinHome,9000,9000,02.01.2021,401098101,,,,Ordered ,Not paid,Faktura,,,,
127,"ASUS ROG Strix B450-F GAMING, Socket-AM4 ",Motherboard,Ny,Komplett,1390,1049,02.01.2021,38830547,05.01.2021,,,In,Not paid,Faktura,,,,
128,Svive Halo S650 + Vertical Bracket + Cable ,Case,Ny,Komplett,1250,879,02.01.2021,38830547,05.01.2021,,,In,Not paid,Faktura,,,,
129,Svive Halo S650 + Vertical Bracket + Cable ,Case,Ny,Komplett,1250,879,02.01.2021,38830547,05.01.2021,,,In,Not paid,Faktura,,,,
130,Svive Halo S650 + Vertical Bracket + Cable ,Case,Ny,Komplett,1250,879,02.01.2021,38830547,05.01.2021,,,In,Not paid,Faktura,,,,
131,Set of 3 fans white LED (special for FD Focus G case),CaseFan,Ny,TechBay,,300,02.01.2021,,,,,In,Paid,Vipps,,,,
132,WD Blue SN550 NVMe SSD - 1TB,m.2 SSD,Ny,Proshop,1300,999,01.01.2021,47981683,,,,In,Not paid,Faktura,,,,
133,WD Blue SN550 NVMe SSD - 1TB,m.2 SSD,Ny,Proshop,1300,999,01.01.2021,47981683,,,,In,Not paid,Faktura,,,,
134,DUTZO Premium Adressable RGB Strip 30cm,Tilbehør,Ny,Proshop,230,230,01.01.2021,47981683,,,,In,,,,,,
135,DUTZO Premium Adressable RGB Strip 30cm,Tilbehør,Ny,Proshop,230,230,01.01.2021,47981683,,,,In,,,,,,
136,HyperX Fury RGB 3600Mhz 2x8GB,DDR4 RAM,Ny,NetOnNet,1030,950,02.01.2021,15460028,,,,Sold,Not paid,Faktura,1000,13.01.2021,Thomas,
137,HyperX Fury RGB 3600Mhz 2x8GB,DDR4 RAM,Ny,NetOnNet,1030,950,02.01.2021,15460028,,,,Sold,Not paid,Faktura,1000,13.01.2021,Thomas,
138,HyperX Fury RGB 3600Mhz 2x8GB,DDR4 RAM,Ny,NetOnNet,1030,950,02.01.2021,15460028,,,,In,Not paid,Faktura,,,,
139,HyperX Fury RGB 3600Mhz 2x8GB,DDR4 RAM,Ny,NetOnNet,1030,950,02.01.2021,15460028,,,,In,Not paid,Faktura,,,,
140,HyperX Fury RGB 3600Mhz 2x8GB,DDR4 RAM,Ny,NetOnNet,1030,950,02.01.2021,15460028,,,,In,Not paid,Faktura,,,,
141,HyperX Fury RGB 3600Mhz 2x8GB,DDR4 RAM,Ny,NetOnNet,1030,950,02.01.2021,15460028,,,,In,Not paid,Faktura,,,,
142,HyperX Fury RGB 3600Mhz 2x8GB,DDR4 RAM,Ny,NetOnNet,1030,950,02.01.2021,15460028,,,,Sold,Not paid,Faktura,950,,Kim ,
143,HyperX Fury RGB 3600Mhz 2x8GB,DDR4 RAM,Ny,NetOnNet,1030,950,02.01.2021,15460028,,,,Sold,Not paid,Faktura,950,,Kim ,
144,GIGABYTE P850GM Strømforsyning (PSU) - 850 Watt - 120 mm - 80 Plus Gold sertifisert,PSU,Ny,Proshop,,1250,02.01.2021,47990259,,13.01.2021,,Sold,Paid,Faktura,1520,13.01.2021,Thomas,
145,GIGABYTE P850GM Strømforsyning (PSU) - 850 Watt - 120 mm - 80 Plus Gold sertifisert,PSU,Ny,Proshop,,1250,02.01.2021,47990259,,13.01.2021,,In,Paid,Faktura,,,,
146,GIGABYTE P850GM Strømforsyning (PSU) - 850 Watt - 120 mm - 80 Plus Gold sertifisert,PSU,Ny,Proshop,,1250,02.01.2021,47990259,,13.01.2021,,In,Paid,Faktura,,,,
147,WD Blue SN550 NVMe SSD - 1TB,m.2 SSD,Ny,Proshop,1300,999,02.01.2021,47990259,,13.01.2021,,Sold,Paid,Faktura,1000,13.01.2021,Thomas,
148,WD Blue SN550 NVMe SSD - 1TB,m.2 SSD,Ny,Proshop,1300,999,02.01.2021,47990259,,13.01.2021,,Sold,Paid,Faktura,1000,13.01.2021,Thomas,
149,ASUS ROG Strix LC 240 CPU Kjøler,CPU Cooler,Ny,Komplett,2100,1700,05.01.2021,38854471,,,,In,,Faktura,,,,
150,ASUS ROG Strix LC 240 CPU Kjøler,CPU Cooler,Ny,Komplett,2100,1700,05.01.2021,38854471,,,,In,,Faktura,,,,
151,Gigabyte GeForce RTX 3060 Ti AORUS MASTER,GPU,Ny,Komplett,6100,5455,05.01.2021,38856258,,,,Ordered,,Faktura,,,,Forventet inn på lager 03.02.2021
152,ASUS GeForce RTX 3070 ROG Strix,GPU,Ny,Komplett,8000,7355,05.01.2021,38856258,,,,Ordered,,Faktura,,,,Forventet inn på lager 03.02.2021
153,AMD Ryzen 7 5800X Prosessor,CPU,Ny,Komplett,5190,4545,05.01.2021,38856258,,,,Ordered,,Faktura,,,,
154,AMD Ryzen 7 5800X Prosessor,CPU,Ny,Komplett,5219,5219,05.01.2021,38860826,,,,Sold,,Faktura,5219,,Kim ,
155,Sapphire Radeon RX 6800 XT NITRO+,GPU,Ny,Komplett,9490,9490,05.01.2021,38860893,,,,Ordered,,Faktura,,,,Forventet inn på lager 03.02.2021
156,Gainward GeForce RTX 3070 Phoenix GS,GPU,Ny,Komplett,6549,6549,05.01.2021,38860941,,,,Ordered,Paid,Visa,,,,Forventet inn på lager 03.02.2021
157,Gainward GeForce RTX 3070 Phoenix GS,GPU,Ny,Komplett,6549,6549,05.01.2021,38860952,,,,Ordered,Paid,Visa,,,,Forventet inn på lager 03.02.2021
158,Gainward GeForce RTX 3070 Phoenix GS,GPU,Ny,Komplett,6549,6549,05.01.2021,38860970,,,,Ordered,Paid,Visa,,,,Forventet inn på lager 03.02.2021
159,Gainward GeForce RTX 3070 Phoenix GS,GPU,Ny,Komplett,6549,6549,05.01.2021,38860980,,,,Ordered,Paid,Visa,,,,Forventet inn på lager 03.02.2021
160,Corsair RM750 750W PSU,PSU,Ny,Komplett,1005,1005,05.01.2021,38860990,,,,Ordered,Paid,Visa,,,,Forventet inn på lager 16.01.2021
161,Corsair RM750 750W PSU,PSU,Ny,Komplett,1005,1005,05.01.2021,38860990,,,,Ordered,Paid,Visa,,,,Forventet inn på lager 16.01.2021
162,Corsair RM750 750W PSU,PSU,Ny,Komplett,1005,1005,05.01.2021,38861000,,,,Ordered,Paid,Visa,,,,Forventet inn på lager 16.01.2021
163,Corsair RM750 750W PSU,PSU,Ny,Komplett,1005,1005,05.01.2021,38861000,,,,Ordered,Paid,Visa,,,,Forventet inn på lager 16.01.2021
164,Gigabyte GeForce RTX 3060 Ti AORUS MASTER,GPU,Ny,Komplett,6070,6070,05.01.2021,38861020,,,,Ordered,Paid,Visa,,,,Forventet inn på lager 03.02.2021
165,Gigabyte GeForce RTX 3060 Ti AORUS MASTER,GPU,Ny,Komplett,6090,6090,05.01.2021,38861040,,,,Ordered,Paid,Visa,,,,Forventet inn på lager 03.02.2022
166,DUTZO C520 TG RGB - Kabinett - Miditower - Svart,Case,Ny,Proshop,670,670,05.01.2021,48009378,,,,In,,Faktura,,,,
167,DUTZO C520 TG RGB - Kabinett - Miditower - Svart,Case,Ny,Proshop,670,670,05.01.2021,48009378,,,,In,,Faktura,,,,
168,DUTZO Sleeved Power Extension Cable Kit - Black,Tilbehør,Ny,Proshop,280,280,05.01.2021,48009378,,,,In,,Faktura,,,,
169,WD Blue SN550 NVMe SSD - 1TB,m.2 SSD,Ny,Proshop,1000,1000,05.01.2021,48009378,,,,Sold,,Faktura,1000,,Kim ,
170,WD Blue SN550 NVMe SSD - 1TB,m.2 SSD,Ny,Proshop,1000,1000,05.01.2021,48009378,,,,Sold,,Faktura,1000,,Kim ,
171,NZXT Kraken X53 RGB (+ 2 x Aer RGB 2 120mm fan) Pr,AIO,Ny,Proshop,1950,1950,05.01.2021,48009378,,,,Sold,,Faktura,1950,,Kim ,
172,AMD Ryzen 5 5600X Wraith Stealth Prosessor - 6 kje,CPU,Ny,Proshop,3490,3490,05.01.2021,48013874,,,,In,,Faktura,,,,
173,HyperX Fury RGB 3600Mhz 2x8GB,RAM,Ny,NetOnNet,949,949,05.01.2021,15465743,,,,Ordered,,,,,,
174,HyperX Fury RGB 3600Mhz 2x8GB,RAM,Ny,NetOnNet,949,949,05.01.2021,15465743,,,,Ordered,,,,,,
175,Gigabyte AORUS GeForce RTX 3070,GPU,Ny,Multicom,7400,7400,05.01.2021,7388452,,,,Cancelled,Not paid,,,,,
176,Gigabyte AORUS GeForce RTX 3071,GPU,Ny,Multicom,7400,7400,05.01.2021,7388452,,,,Cancelled,Not paid,,,,,
177,PALIT GeForce RTX 3070 GameRock,GPU,Ny,Multicom,7450,7450,05.01.2021,7388454,,,,Cancelled,Not paid,,,,,
178,PALIT GeForce RTX 3070 GameRock,GPU,Ny,Multicom,7450,7450,05.01.2021,7388454,,,,Cancelled,Not paid,,,,,
179,MSI RTX 3070 GAMING X,GPU,Ny,Multicom,6800,6800,05.01.2021,7388455,,,,Cancelled,Not paid,,,,,
180,MSI RTX 3070 GAMING X,GPU,Ny,Multicom,6800,6800,05.01.2021,7388455,,,,Cancelled,Not paid,,,,,
181,MSI RTX 3070 VENTUS 2X,GPU,Ny,Multicom,6350,6350,05.01.2021,7388458,,,,Cancelled,Not paid,,,,,
182,MSI RTX 3070 VENTUS 2X,GPU,Ny,Multicom,6350,6350,05.01.2021,7388458,,,,Cancelled,Not paid,,,,,
183,ASUS TUF-RTX3060TI-O8G-GAMING - OC Edition - grafikkort,GPU,Ny,Multicom,5850,5850,05.01.2021,7388461,,,,Cancelled,Not paid,,,,,
184,ASUS TUF-RTX3060TI-O8G-GAMING - OC Edition - grafikkort,GPU,Ny,Multicom,5850,5850,05.01.2021,7388461,,,,Cancelled,Not paid,,,,,
185,PNY GeForce RTX 3060 Ti Gaming Revel Epic-X grafikkort,GPU,Ny,Elkjøp,5380,5380,03.12.2020,150676995,,,,Sold,,,5900,,Individual piece,One piece sold to Asle
186,WD Blue SN550 NVMe SSD - 1TB,m.2 SSD,Ny,Proshop,1000,1000,04.01.2021,47981722,,,,Sold,,,1100,,Rune_12,ordered from Marion
187,WD Blue SN550 NVMe SSD - 1TB,m.2 SSD,Ny,Proshop,1000,1000,04.01.2021,47981722,,,,In,,,,,,ordered from Marion
188,dezen Bluetooth 5.0 USB Mini adapter,Bluetooth,Ny,Proshop,99,99,04.01.2021,47981722,,,,In,,,,,,ordered from Marion
189,dezen Bluetooth 5.0 USB Mini adapter,Bluetooth,Ny,Proshop,99,99,04.01.2021,47981722,,,,In,,,,,,ordered from Marion
190,Corsair fan,Fan,,,,,,,,,,In,,,,,,got for free
191,Corsair fan,Fan,,,,,,,,,,In,,,,,,got for free
192,Gainward GeForce RTX 3070 Phoenix GS,GPU,Brukt,Anders Skavhaug,6900,7150,02.01.2021,,,,,In,Paid,Vipps,,,,
193,i5 3570k m/ Z77A-G41 og 2x8GB 1600mhz,Package,Brukt,Thomas Jakobsen,,950,10.01.2021,,15.01.2021,,,In,Paid,Vipps,,,,
194,AMD Ryzen 2700x,CPU,Brukt,Art Dalene,,1500,09.01.2021,,15.01.2021,,,In,Paid,Vipps,,,,
195,AMD Wraith CPU Fan,CPU Fan,Brukt,Aron,,250,02.01.2021,,03.01.2021,,,In,Paid,Vipps,,,,
196,"Gigabyte Z97X, HyperX Savage 16GB, i7-4790K,",Package,Brukt ,Øyvind Stensland,,2500,09.01.2021,,13.01.2021,,,In,Paid,Vipps,,23-01-2021,Daniel Christensson,
197,AMD Ryzen 3600 Prossessor,CPU,Brukt,Sarosh Mohammed Bekir,,1950,08.01.2021,,13.01.2021,,,In,Paid,Vipps,,,,
198,Corsair RM850x,PSU,Brukt,Jone Totlandsvik,,1025,29.12.2020,,11.01.2021,,,In,Paid,Vipps,,,,
199,Corsair TX750,PSU,Brukt,martojh2,,500,07.01.2021,,,,,Ordered,Paid,Vipps,,,,
200,Gigabyte GeForce GTX 1070 G1 Gaming,GPU,Brukt,Vegard Larsen,,2200,07.01.2021,,13.01.2021,,,Sold,Paid,Vipps,,23-01-2021,Daniel Christensson,
201,Gigabyte GeForce RTX 3070 AORUS MASTER,GPU,Brukt,Rune Vinnes,7990,7800,04.01.2021,,05.01.2021,,,Sold,Paid,Vipps,7800,,Kim ,
202,AMD CPU fan,Fan,Brukt,Damian,,300,07.01.2021,,08.01.2021,,,In,Paid,Vipps,,,,
203,AMD Ryzen 5 3600 Prossessor,CPU,Brukt,William Lund,,1700,07.01.2021,,13.01.2021,,,In,Paid,Vipps,,,,
204,Nettverkskort Asus PCE-AC56,WiFi Adapter,Brukt,Mark,,200,07.01.2021,,08.01.2021,,,In,Paid,Vipps,,,,
205,AMD Ryzen 7 3700x,CPU,Brukt,Fredrik Kollsete,3300,2750,05.01.2021,,11.01.2021,,,Sold,Paid,Vipps,2800,13.01.2021,Thomas,
206,Ryzen 7 2700,CPU,Brukt,Yones Latif,,1775,06.01.2021,,11.01.2021,,,In,Paid,Vipps,,,,
207,AMD Ryzen 7 2700X Prossessor,CPU,Brukt,Harald Aamås,,1800,06.01.2021,,11.01.2021,,,In,Paid,Vipps,,,,
208,Asus Strix GeForce RTX 2080,GPU,Brukt,Emil Samsing Lillehagen,,5000,04.01.2021,,11.01.2021,,,Sold,Paid,Vipps,5750,13.01.2021,Thomas,
209,MSI GeForce GTX 1070 Gaming X 8 GB,GPU,Brukt,Annguri,,2150,06.01.2021,,11.01.2021,,,In,Paid,Vipps,,,,
210,Asus ROG Strix Geforce GTX 1070 8GB,GPU,Brukt,Tore Ivar Grøttland,,2575,06.01.2021,,11.01.2021,,,In,Paid,Vipps,,,,
211,Razor goliathus mousemat,Musematte,,,,400,,,,,,Sold,Paid,Vipps,0,,Halvor,"personnal, bought way back"
212,Kingston SSD A400 240GB,SSD,Ny ,NetOnNet,349,349,29.12.2020,15454658,,,,Sold,Not paid,Faktura,385,,Halvor,
213,Dutzo RGB Strip 30 cm,Tilbehør,Ny,ProShop,99,99,16.12.2020,,,,,In,Paid,Faktura,,,,
214,Bitfenix 120mm Fan w/white LED,Tilbehør,Ny,TechBay AS,120,120,04.01.2021,18204,11.01.2021,,,In,,Faktura,,,,
215,Bitfenix 120mm Fan w/white LED,Tilbehør,Ny,TechBay AS,120,120,04.01.2021,18204,11.01.2021,,,In,,Faktura,,,,
216,Bitfenix 120mm Fan w/white LED,Tilbehør,Ny,TechBay AS,120,120,04.01.2021,18204,11.01.2021,,,In,,Faktura,,,,
217,Kingston SSD A400 240GB,SSD,Ny ,NetOnNet,349,349,11.01.2021,C91792145,18.01.2021,,,Sold,,Faktura,385,21.01.2021,Svenske Daniel,
218,Kingston SSD A400 240GB,SSD,Ny ,NetOnNet,349,349,11.01.2021,C91792145,18.01.2021,,,In,,Faktura,,,,
219,Kolink Horizon RGB Svart,Case,Ny ,Dustin Home,900,900,06.01.2021,401100954,11.01.2021,,,In,Not paid,Faktura,,,,
220,Kolink Horizon RGB Svart,Case,Ny ,Dustin Home,900,900,06.01.2021,401100954,11.01.2021,,,In,Not paid,Faktura,,,,
221,AeroCool Bolt TG RGB - Kabinett - Miditower - Svart,Case,Ny ,ProShop,,329,08.01.2021,48038655,13.01.2021,,,Sold,Not paid,Faktura,400,21.01.2021,Svenske Daniel,
222,AeroCool Bolt TG RGB - Kabinett - Miditower - Svart,Case,Ny ,ProShop,,329,08.01.2021,48038655,13.01.2021,,,In,Not paid,Faktura,,,,
223,Inter-Tech Argus APS-620W Strømforsyning (PSU) ,PSU,Ny ,ProShop,399,425,08.01.2021,48038655,13.01.2021,,,Sold,Not paid,Faktura,,23-01-2021,Daniel Christensson,
224,Inter-Tech Argus APS-620W Strømforsyning (PSU) ,PSU,Ny ,ProShop,399,425,08.01.2021,48038655,13.01.2021,,,In,Not paid,Faktura,,,,
225,Inter-Tech Argus APS-620W Strømforsyning (PSU) ,PSU,Ny ,ProShop,399,470,08.01.2021,48038655,13.01.2021,,,In,Not paid,Faktura,,,,
226,Inter-Tech Argus APS-620W Strømforsyning (PSU) ,PSU,Ny ,ProShop,399,470,08.01.2021,48038655,13.01.2021,,,In,Not paid,Faktura,,,,
227,        DUTZO C520 TG RGB - Kabinett - Miditower - Svart,Case,Ny ,ProShop,699,699,08.01.2021,48038655,13.01.2021,,,In,Not paid,Faktura,,,,Hentes 13.01.2021
228,Noctua fan,Tilbehør,Used,Ole Christian Dalseth,,,,,13.01.2021,,,Sold,Paid,Vipps,300,,Thomas,
229,HyperX Fury RGB 3600Mhz 2x8GB,RAM,Ny,NetOnNet,,990,14.01.2021,15480224,,,,In,Paid,Vipps,,,,
230,HyperX Fury RGB 3600Mhz 2x8GB,RAM,Ny,NetOnNet,,990,14.01.2021,15480224,,,,In,Paid,Vipps,,,,
231,HyperX Fury RGB 3600Mhz 2x8GB,RAM,Ny,NetOnNet,,990,14.01.2021,15480224,,,,In,Paid,Vipps,,,,
232,HyperX Fury RGB DDR4 3200Mhz 2x16GB,RAM,Ny,NetOnNet,,1649,14.01.2021,15480224,,,,In,Paid,Vipps,,,,
233,Kingston A2000 1TB NVMe M.2 SSD,m.2 SSD,Ny,Komplett,,1099,13.01.2021,38933521,,,,In,Paid,Vipps,,,,
234,Kingston A2000 1TB NVMe M.2 SSD,m.2 SSD,Ny,Komplett,,1099,13.01.2021,38933521,,,,In,Paid,Vipps,,,,
235,NZXT Kraken X53 CPU Kjøler,CPU Cooler,Ny,Komplett,,1200,16.01.2021,38949512,,,,Ordered,,,,,,
236,AMD 2600x,CPU,Brukt,Simen Carstensen,,1200,13.01.2021,,14.01.2021,,,In,Paid,Vipps,,,,
237,"ASUS ROG Strix B450-F GAMING, Socket-AM4",Motherboard,Ny,Komplett,,1049,16.01.2021,38952363,,,,In,Paid,Visa,,,,
238,NZXT Kraken X53 CPU Kjøler,CPU Cooler,Ny,Komplett,,1200,16.01.2021,38952339,19.01.2021,,,In,Paid,Visa,,,,
239,"ASUS ROG Strix B450-F GAMING, Socket-AM4",Motherboard,Ny,Komplett,,1050,16.01.2021,38952339,19.01.2021,,,In,Paid,Visa,,,,
240,ASUS ROG Strix B550-F GAMING hovedkort,Motherboard,Ny,Komplett,,1700,16.01.2021,38952339,19.01.2021,,,In,Paid,Visa,,,,
241,Kingston A2000 1TB NVMe M.2 SSD,m.2 SSD,Ny,Komplett,,1100,16.01.2021,38952339,19.01.2021,,,In,Paid,Visa,,,,
242,Kingston A2000 1TB NVMe M.2 SSD,m.2 SSD,Ny,Komplett,,1100,16.01.2021,38952339,19.01.2021,,,In,Paid,Visa,,,,
243,        DUTZO C520 TG RGB - Kabinett - Miditower - Svart,Case,Ny ,ProShop,699,699,08.01.2021,48038655,13.01.2021,,,In,Not paid,Faktura,,,,
244,Kingston SSDNow A400 240GB,SSD,Ny ,NetOnNet,,1047,15.01.2021,15482825,,,,Ordered,,,,,,
245,Kingston SSDNow A400 240GB,SSD,Ny ,NetOnNet,,1047,15.01.2021,15482825,,,,Ordered,,,,,,
246,Kingston SSDNow A400 240GB,SSD,Ny ,NetOnNet,,1047,15.01.2021,15482825,,,,Ordered,,,,,,
247,Fractal Design Silent Series R3 120 mm,Fan,Ny ,Dustin Home,,87,15.01.2021,401108528,21.01.2021,,,Sold,,Faktura,110,21.01.2021,Svenske Daniel,
248,Fractal Design Silent Series R3 120 mm,Fan,Ny ,Dustin Home,,87,15.01.2021,401108528,21.01.2021,,,Sold,,Faktura,110,21.01.2021,Svenske Daniel,
249,Fractal Design Silent Series R3 120 mm,Fan,Ny ,Dustin Home,,87,15.01.2021,401108528,21.01.2021,,,In,,Faktura,,,,
250,Fractal Design Silent Series R3 120 mm,Fan,Ny ,Dustin Home,,87,15.01.2021,401108528,21.01.2021,,,In,,Faktura,,,,
251,Kolink Observatory RGB Svart,Case,Ny ,Dustin Home,,800,15.01.2021,401108528,21.01.2021,,,In,,Faktura,,,,
252,be quiet! Pure Wings 2 120 mm,Fan,Ny ,Dustin Home,,110,15.01.2021,401108528,21.01.2021,,,In,,Faktura,,,,
253,be quiet! Pure Wings 2 120 mm,Fan,Ny ,Dustin Home,,110,15.01.2021,401108528,21.01.2021,,,In,,Faktura,,,,
254,be quiet! Pure Wings 2 120 mm,Fan,Ny ,Dustin Home,,110,15.01.2021,401108528,21.01.2021,,,In,,Faktura,,,,
255,be quiet! Pure Wings 2 120 mm,Fan,Ny ,Dustin Home,,110,15.01.2021,401108528,21.01.2021,,,In,,Faktura,,,,
256,be quiet! Pure Wings 2 120 mm,Fan,Ny ,Dustin Home,,110,15.01.2021,401108528,21.01.2021,,,In,,Faktura,,,,
257,be quiet! Pure Wings 2 120 mm,Fan,Ny ,Dustin Home,,110,15.01.2021,401108528,21.01.2021,,,In,,Faktura,,,,
258,be quiet! Pure Wings 2 120 mm,Fan,Ny ,Dustin Home,,110,15.01.2021,401108528,21.01.2021,,,In,,Faktura,,,,
259,be quiet! Pure Wings 2 120 mm,Fan,Ny ,Dustin Home,,110,15.01.2021,401108528,21.01.2021,,,In,,Faktura,,,,
260,be quiet! Pure Wings 2 120 mm,Fan,Ny ,Dustin Home,,110,15.01.2021,401108528,21.01.2021,,,In,,Faktura,,,,
261,be quiet! Pure Wings 2 120 mm,Fan,Ny ,Dustin Home,,110,15.01.2021,401108528,21.01.2021,,,In,,Faktura,,,,
262,ASUS GeForce RTX 3060 Ti TUF GAMING OC 8GB,GPU,Ny ,Dustin Home,,6000,15.01.2021,401108530,,,,Ordered,,Faktura,,,,
263,AMD Ryzen™ 5 5600X prosessor,CPU,Ny ,Elkøp,,3500,16.01.2021,151011105,,,,Ordered,,Faktura,,,,
264,Asus PCE-AC56 WiFi-ac PCIe-adapter,WiFi Adapter,Ny ,Elkøp,,200,13.01.2021,150994789,19.01.2021,,,In,Paid,Visa,,,,
265,Asus PCE-AC56 WiFi-ac PCIe-adapter,WiFi Adapter,Ny ,Elkøp,,200,13.01.2021,150994789,19.01.2021,,,In,Paid,Visa,,,,
266,Asus PCE-AC56 WiFi-ac PCIe-adapter,WiFi Adapter,Ny ,Elkøp,,200,13.01.2021,150994789,19.01.2021,,,In,Paid,Visa,,,,
267,Asus PCE-AC56 WiFi-ac PCIe-adapter,WiFi Adapter,Ny ,Elkøp,,200,13.01.2021,150994789,19.01.2021,,,In,Paid,Visa,,,,
268,Asus PCE-AC56 WiFi-ac PCIe-adapter,WiFi Adapter,Ny ,Elkøp,,200,13.01.2021,150994789,19.01.2021,,,In,Paid,Visa,,,,
269,Asus PCE-AC56 WiFi-ac PCIe-adapter,WiFi Adapter,Ny ,Elkøp,,200,13.01.2021,150994789,19.01.2021,,,In,Paid,Visa,,,,
270,Asus PCE-AC56 WiFi-ac PCIe-adapter,WiFi Adapter,Ny ,Elkøp,,200,13.01.2021,150994789,19.01.2021,,,In,Paid,Visa,,,,
271,Asus PCE-AC56 WiFi-ac PCIe-adapter,WiFi Adapter,Ny ,Elkøp,,200,13.01.2021,150994789,19.01.2021,,,In,Paid,Visa,,,,
272,Asus PCE-AC56 WiFi-ac PCIe-adapter,WiFi Adapter,Ny ,Elkøp,,200,13.01.2021,150994789,19.01.2021,,,In,Paid,Visa,,,,
273,Asus PCE-AC56 WiFi-ac PCIe-adapter,WiFi Adapter,Ny ,Elkøp,,200,13.01.2021,150994789,19.01.2021,,,In,Paid,Visa,,,,
274,Asus PCE-AC56 WiFi-ac PCIe-adapter,WiFi Adapter,Ny ,Elkøp,,200,17.01.2021,151014787,21.01.2021,,,In,,,,,,
275,Asus PCE-AC56 WiFi-ac PCIe-adapter,WiFi Adapter,Ny ,Elkøp,,200,17.01.2021,151014787,21.01.2021,,,In,,,,,,
276,Asus PCE-AC56 WiFi-ac PCIe-adapter,WiFi Adapter,Ny ,Elkøp,,200,17.01.2021,151014787,21.01.2021,,,In,,,,,,
277,Asus PCE-AC56 WiFi-ac PCIe-adapter,WiFi Adapter,Ny ,Elkøp,,200,17.01.2021,151014787,21.01.2021,,,In,,,,,,
278,Asus PCE-AC56 WiFi-ac PCIe-adapter,WiFi Adapter,Ny ,Elkøp,,200,17.01.2021,151014787,21.01.2021,,,In,,,,,,
279,Asus PCE-AC56 WiFi-ac PCIe-adapter,WiFi Adapter,Ny ,Elkøp,,200,17.01.2021,151014787,21.01.2021,,,In,,,,,,
280,Asus PCE-AC56 WiFi-ac PCIe-adapter,WiFi Adapter,Ny ,Elkøp,,200,17.01.2021,151014787,21.01.2021,,,In,,,,,,
281,Asus PCE-AC56 WiFi-ac PCIe-adapter,WiFi Adapter,Ny ,Elkøp,,200,17.01.2021,151014787,21.01.2021,,,In,,,,,,
282,Asus PCE-AC56 WiFi-ac PCIe-adapter,WiFi Adapter,Ny ,Elkøp,,200,17.01.2021,151014787,21.01.2021,,,In,,,,,,
283,Asus PCE-AC56 WiFi-ac PCIe-adapter,WiFi Adapter,Ny ,Elkøp,,200,17.01.2021,151014787,21.01.2021,,,In,,,,,,
284,Cooler Master Hyper H412R,CPU Cooler,Ny ,Komplett,,250,18.01.2021,38960368,21.01.2021,,,Sold,Paid,Visa,375,21.01.2021,Svenske Daniel,
285,Cooler Master Hyper H412R,CPU Cooler,Ny ,Komplett,,250,18.01.2021,38960368,21.01.2021,,,In,Paid,Visa,,,,
286,Cooler Master Hyper H412R,CPU Cooler,Ny ,Komplett,,250,18.01.2021,38960368,21.01.2021,,,In,Paid,Visa,,,,
287,Cooler Master Hyper H412R,CPU Cooler,Ny ,Komplett,,250,18.01.2021,38960368,21.01.2021,,,In,Paid,Visa,,,,
288,"ASUS z97, i7 4790k",Package,Brukt,Kim belsbu,,2000,12.01.2021,,,,,Sold,Paid,Vipps,2300,21.01.2021,Svenske Daniel,
289,Komplett Gaming Musematte XXL,Musematte,Ny ,Komplett,,130,18.01.2021,38960227,21.01.2021,,,Sold,Paid,Visa,0,21.01.2021,Svenske Daniel,
290,Komplett Gaming Musematte XXL,Musematte,Ny ,Komplett,,130,18.01.2021,38960227,21.01.2021,,,In,Paid,Visa,,,,
291,Komplett Gaming Musematte XXL,Musematte,Ny ,Komplett,,130,18.01.2021,38960227,21.01.2021,,,In,Paid,Visa,,,,
292,Komplett Gaming Musematte XXL,Musematte,Ny ,Komplett,,130,18.01.2021,38960227,21.01.2021,,,In,Paid,Visa,,,,
293,Komplett Gaming Musematte XXL,Musematte,Ny ,Komplett,,130,18.01.2021,38960227,21.01.2021,,,In,Paid,Visa,,,,
294,Komplett Gaming Musematte XXL,Musematte,Ny ,Komplett,,130,18.01.2021,38960227,21.01.2021,,,In,Paid,Visa,,,,
295,Komplett Gaming Musematte XXL,Musematte,Ny ,Komplett,,130,18.01.2021,38960227,21.01.2021,,,In,Paid,Visa,,,,
296,Komplett Gaming Musematte XXL,Musematte,Ny ,Komplett,,130,18.01.2021,38960227,21.01.2021,,,In,Paid,Visa,,,,
297,Komplett Gaming Musematte XXL,Musematte,Ny ,Komplett,,130,18.01.2021,38960227,21.01.2021,,,In,Paid,Visa,,,,
298,Komplett Gaming Musematte XXL,Musematte,Ny ,Komplett,,130,18.01.2021,38960227,21.01.2021,,,In,Paid,Visa,,,,
